customer_id,name,email,gender,signup_date,country
1,Allison Hill,donaldgarcia@example.net,Other,2025-01-24,Benin
2,Amanda Davis,williamjohnson@example.org,Male,2024-03-08,Reunion
3,Connie Lawrence,blakeerik@example.com,Male,2022-04-21,Cape Verde
4,Phillip Garcia,wdavis@example.net,Other,2021-12-04,Aruba
5,Kimberly Dudley,smiller@example.net,Female,2023-09-12,Tokelau
6,Corey Jones,kendragalloway@example.org,Male,2024-12-08,Hong Kong
7,Mark Diaz,michael41@example.net,Male,2023-10-12,Martinique
8,Carla Gray,gabriellecameron@example.org,Male,2021-09-30,Antigua and Barbuda
9,Jennifer Jones,jason76@example.net,Other,2022-11-24,Estonia
10,Patrick Ryan,zhurst@example.com,Male,2021-09-12,Burundi
11,Ann Williams,hernandezernest@example.net,Other,2022-09-18,Bahrain
12,Kyle Mcdonald,tasha01@example.net,Other,2025-01-10,Sao Tome and Principe
13,Martin Rodriguez,amoore@example.net,Other,2024-12-25,Estonia
14,Pamela Romero,harrellkenneth@example.net,Male,2023-02-21,Congo
15,Phillip Ryan,georgetracy@example.org,Other,2025-04-01,Turkey
16,Dr. Cynthia Allen,millertodd@example.org,Female,2025-06-29,Martinique
17,Betty Alvarez,josephbrennan@example.com,Male,2025-06-04,Vanuatu
18,Monica Harris,raymond57@example.net,Male,2022-11-10,Egypt
19,George Chapman,briannasmith@example.net,Male,2023-10-05,Denmark
20,Andre Rivera,joshuawashington@example.net,Male,2021-04-06,Vietnam
21,Laura Sanchez,maguirre@example.org,Male,2021-02-01,Jersey
22,Jason Shields,nuneztracey@example.org,Other,2020-11-26,Saint Lucia
23,Scott Wright,amandataylor@example.org,Other,2021-12-29,Egypt
24,Angela Morton,williamsyvette@example.org,Male,2025-06-13,Vanuatu
25,Cynthia Russell,zlewis@example.org,Other,2021-06-04,Afghanistan
26,Mrs. Rachel Gibson,uhorton@example.net,Male,2023-11-30,Libyan Arab Jamahiriya
27,Edward Novak,adkinsbrian@example.net,Other,2022-12-27,Uruguay
28,Brooke Yu,yorkcasey@example.org,Other,2023-12-24,Dominica
29,Todd Hudson,harveyrobert@example.net,Other,2023-06-06,Germany
30,Christina Moran,josephanderson@example.net,Other,2022-02-07,Germany
31,Taylor Smith,jonesjason@example.com,Female,2021-04-06,Guernsey
32,Sherry Wood,samueldaniels@example.com,Male,2023-08-30,Sri Lanka
33,Aimee Montoya,sarah12@example.com,Female,2021-03-06,Botswana
34,Brittney Campbell,jenniferharris@example.net,Other,2024-11-13,Madagascar
35,Taylor Mathis Jr.,ccalderon@example.org,Female,2022-04-09,Bulgaria
36,Deborah Figueroa,hhoffman@example.org,Male,2025-04-30,Portugal
37,Kimberly Davenport,russellwilliams@example.com,Male,2025-02-05,South Africa
38,Amanda Howard,elizabethgomez@example.net,Other,2025-01-09,Ireland
39,Nicole Frost,michellecherry@example.org,Female,2025-01-04,Anguilla
40,Tim Patton,vpham@example.org,Female,2021-12-08,Solomon Islands
41,Janet Williams,dwalker@example.com,Female,2022-02-16,South Africa
42,Courtney Keller,emurphy@example.com,Male,2022-05-11,Malawi
43,William Herrera,wilsontara@example.org,Male,2023-07-04,Estonia
44,Kyle Reed,samuel81@example.com,Female,2025-02-06,Comoros
45,Michael Smith,michaeljones@example.net,Male,2025-03-17,Nigeria
46,Ryan Cortez,william65@example.com,Male,2024-02-02,Micronesia
47,Jason Bentley,christinaturner@example.net,Female,2024-10-09,Gabon
48,Jeffrey Carpenter,steven73@example.net,Male,2022-12-20,United Arab Emirates
49,Nancy Hopkins,zachary95@example.org,Female,2024-09-11,Sao Tome and Principe
50,Eric Drake,andrewsanchez@example.com,Female,2023-08-29,Seychelles
51,Jason Soto,jennifercruz@example.com,Other,2021-10-27,Palau
52,Stephanie Dalton,osbornejeffery@example.net,Female,2023-03-12,Australia
53,Sylvia Martinez,lauriecontreras@example.net,Male,2023-07-31,Zambia
54,Jessica Briggs,jrivas@example.com,Other,2025-02-02,Samoa
55,Joanna Walton,katie87@example.net,Female,2021-10-19,Kazakhstan
56,Dustin Nelson,patricia12@example.org,Other,2021-10-04,Puerto Rico
57,Daniel Perry,amy60@example.org,Male,2024-10-07,Iceland
58,Lauren Dominguez,wwoods@example.com,Female,2024-05-15,Timor-Leste
59,Sara Medina,tracynelson@example.com,Male,2020-09-30,Guadeloupe
60,Rebecca Ramsey,ncalhoun@example.net,Other,2020-09-26,India
61,Mary Miller,dtaylor@example.org,Female,2020-11-07,Hong Kong
62,Jesse Rogers,aramirez@example.com,Other,2024-10-11,Latvia
63,Joshua Cooke,jeffrey10@example.org,Other,2025-05-08,Cook Islands
64,Lisa Allen,kcaldwell@example.org,Female,2022-12-05,Equatorial Guinea
65,Carol Lawson,stricklandfrank@example.com,Other,2021-02-21,Anguilla
66,Laura Odonnell,tsanders@example.org,Male,2020-12-24,Portugal
67,Dana Terry,melissa91@example.net,Other,2024-07-07,Guatemala
68,Mary Jones,alexander67@example.org,Male,2022-10-09,Guyana
69,Sandra Zimmerman,hthompson@example.net,Male,2021-12-14,Sri Lanka
70,Patricia Marshall,marcus31@example.com,Other,2025-01-04,Ecuador
71,Laura Barnett,anthony52@example.com,Male,2021-08-30,South Georgia and the South Sandwich Islands
72,Douglas Carlson,angela83@example.org,Female,2021-10-22,Ireland
73,Peter Vaughn DDS,bwest@example.org,Male,2022-01-27,Iraq
74,Elizabeth Perkins,wtran@example.com,Male,2025-08-02,Mexico
75,Michael Nelson,jerry35@example.org,Male,2024-04-26,Zambia
76,Cathy Robinson,lhill@example.net,Female,2023-08-03,Bolivia
77,Elizabeth Ward,alexis82@example.com,Female,2020-10-30,Austria
78,Melissa Martinez,agarcia@example.net,Female,2022-01-09,Lesotho
79,Cody Williams,ewilson@example.com,Other,2023-01-23,Morocco
80,Amy Hernandez,christopher31@example.net,Female,2024-06-04,New Caledonia
81,Lisa Rowe,chayes@example.com,Male,2024-11-26,Japan
82,Marc Lynch,mezajared@example.org,Female,2021-12-04,Belgium
83,Christopher Jones,ortizhannah@example.com,Female,2022-01-22,Djibouti
84,Douglas Heath,mcdanielsandra@example.net,Male,2023-07-21,Spain
85,Jessica Stephens,rebekahserrano@example.org,Other,2020-11-24,Somalia
86,Paul Carroll,scott74@example.net,Female,2022-08-13,Faroe Islands
87,Katherine Miller,prestonjessica@example.net,Other,2021-11-08,Bermuda
88,Michael Valencia,keyemily@example.com,Other,2023-06-26,Serbia
89,Julie Pearson,howard96@example.net,Other,2024-09-03,Bermuda
90,Jason Morris,hodgemark@example.net,Male,2023-01-30,Panama
91,Robin Pierce,qmiller@example.com,Other,2021-03-07,Sierra Leone
92,Jose Travis,mgutierrez@example.net,Other,2022-05-30,Saudi Arabia
93,Mr. Anthony Adams Jr.,samuel71@example.org,Male,2025-06-20,New Caledonia
94,Michelle Collins,tranchristopher@example.org,Other,2022-11-29,British Indian Ocean Territory (Chagos Archipelago)
95,Brittany Cantu,william46@example.com,Other,2025-07-03,Ecuador
96,Charles Lee,michellehill@example.com,Male,2022-04-20,Solomon Islands
97,Samantha Campbell,mary97@example.org,Male,2022-11-01,Liberia
98,Juan Daniels,mcantu@example.net,Female,2021-10-18,Hungary
99,Reginald Williams,zthornton@example.com,Female,2022-07-14,Panama
100,Marissa Hernandez,martineztammy@example.com,Female,2024-12-13,Tunisia
